ordinal,url,reachable,page_title,foremention_mentioned,competitors_found,source_type
1,https://dageno.ai/en/academy/best-ai-visibility-tracking-tools-for-b2b-saas-teams,yes,"Best AI Visibility Tracking Tools for B2B SaaS Teams | Dageno AI",no,"",listicle
2,https://gracker.ai/blog/best-ai-visibility-tools-b2b-saas,yes,"10 Best AI Visibility Tools for B2B SaaS Companies in 2026",no,"profound; otterly; scrunch; peec; gracker",listicle
3,https://tryxlr8.ai/blogs/best-ai-visibility-platforms,yes,"8 Best AI Visibility Platforms for 2026",no,"profound; scrunch",listicle
4,https://useomnia.com/blog/ai-search-monitoring-tools,yes,"AI Search Monitoring Tools 2026: The Best Platforms to Track Mentions, Citations, and Visibility",no,"profound; scrunch; peec",listicle
5,https://linkedin.com/pulse/10-best-ai-visibility-tools-b2b-saas-companies-2026-david-brown-w50ic,yes,"10 Best AI Visibility Tools for B2B SaaS Companies in 2026",no,"profound; otterly; scrunch; peec; gracker",linkedin
6,https://keytomic.com/blog/ai-visibility-b2b-saas,yes,"Best AI Visibility Tools for B2B SaaS Companies in 2026",no,"profound; scrunch",listicle
7,https://alhena.ai/blog/best-ai-visibility-tools-b2b,yes,"Best AI Visibility Tools for B2B: Profound, Scrunch + 10",no,"profound; otterly; scrunch; peec",listicle
8,https://aeovision.ai/industry/saas,yes,"AI Search Visibility for SaaS Companies",no,"",vendor
9,https://bensonseo.com/blog/ai-visibility-monitoring-saas-brands,yes,"AI Visibility Monitoring for SaaS Brands - Benson SEO",no,"",blog
10,https://ayzeo.com/use-cases/saas-companies,yes,"AI Visibility for SaaS Companies - Get Your Product Recommended by AI | Ayzeo",no,"ayzeo",vendor
11,https://mybrandi.ai/best-ai-visibility-tools-brands,yes,"Best AI Visibility Tools for Brands: Top 10 for 2026",no,"profound; otterly; scrunch; peec",listicle
12,https://amplitude.com/compare/best-ai-visibility-monitoring-tools,yes,"https://match.adsrvr.org/track/cmf/google",no,"",vendor
13,https://usegrowthos.com/blog/ai-brand-visibility-monitoring-tools,yes,"10 Best AI Brand Visibility Monitoring Tools for 2026",no,"profound; otterly; scrunch; peec",listicle
14,https://tryprofound.com/blog/best-ai-visibility-tools-for-marketing-agencies,yes,"18 Best AI visibility tools for marketing agencies [2026 comparison]",no,"profound; otterly; scrunch; peec",listicle
15,https://reddit.com/r/b2bmarketing/comments/1p8ck0g/i_found_15_ai_visibility_tool_in_the_market_right,yes,"n/a",no,"",reddit
16,https://zapier.com/blog/best-ai-visibility-tool,yes,"https://match.adsrvr.org/track/cmf/google",no,"",vendor
17,https://nogood.io/blog/ai-search-visibility-optimization-tools,yes,"The Top AI Search Visibility Optimization Tools in 2026 | NoGood",no,"scrunch",listicle
18,https://linkedin.com/pulse/10-best-tools-tracking-ai-visibility-brainlabs-digital-mfxle,yes,"The 10 Best Tools for Tracking AI Visibility",no,"profound; scrunch; peec",linkedin
19,https://linkeddit.com/blog/best-ai-visibility-tools,yes,"Best AI Brand Visibility Tools in 2026 (And When Not to Buy One)",no,"profound; otterly; scrunch; peec",listicle
